season,wteam_school,wteam_seed,lteam_school,lteam_seed,is_upset,upset_int,predicted_upset_prob,predicted_upset,threshold_used,num_features_used
2002,Alabama,2,Florida Atlantic,15,False,0,1.5170841416493878e-06,0,0.3,15
2002,Arizona,3,UCSB,14,False,0,6.713110350714387e-13,0,0.3,15
2002,Duke,1,Winthrop,16,False,0,3.3351451904843457e-19,0,0.3,15
2002,Kansas,1,Holy Cross,16,False,0,4.58651341031938e-18,0,0.3,15
2002,Kentucky,4,Valparaiso,13,False,0,0.9999992699427164,1,0.3,15
2002,Ohio St,4,Davidson,13,False,0,1.23686476940144e-10,0,0.3,15
2002,Oregon,2,Montana,15,False,0,3.861370247964539e-15,0,0.3,15
2002,NC Wilmington,13,USC,4,True,1,4.264037830614861e-07,0,0.3,15
2002,Cincinnati,1,Boston U,16,False,0,2.6936141573834935e-16,0,0.3,15
2002,UConn,2,Hampton,15,False,0,0.00836700922221748,0,0.3,15
2002,Georgia,3,Murray St,14,False,0,7.994450424531705e-06,0,0.3,15
2002,Illinois,4,San Diego St,13,False,0,5.2067751715071735e-12,0,0.3,15
2002,Maryland,1,Siena,16,False,0,7.338339918476557e-24,0,0.3,15
2002,Mississippi St,3,McNeese,14,False,0,1.8892813319907226e-06,0,0.3,15
2002,Oklahoma,2,Illinois Chicago,15,False,0,1.2850114753726198e-07,0,0.3,15
2002,Pittsburgh,3,C Connecticut,14,False,0,7.156753190593705e-05,0,0.3,15
2003,Arizona,1,Vermont,16,False,0,8.505021808987771e-17,0,0.3,15
2003,Duke,3,Colorado St,14,False,0,1.3362002414623001e-17,0,0.3,15
2003,Illinois,4,W Kentucky,13,False,0,0.0667758959972511,0,0.3,15
2003,Kansas,2,Utah St,15,False,0,3.376410135481789e-08,0,0.3,15
2003,Marquette,3,Holy Cross,14,False,0,1.2346346473466979e-20,0,0.3,15
2003,Oklahoma,1,S Carolina St,16,False,0,2.475383548740274e-12,0,0.3,15
2003,Stanford,4,San Diego,13,False,0,6.946419093227274e-17,0,0.3,15
2003,Tulsa,13,Dayton,4,True,1,8.387479966729202e-16,0,0.3,15
2003,Florida,2,Sam Houston,15,False,0,3.897556455412484e-18,0,0.3,15
2003,Kentucky,1,IU Indy,16,False,0,1.0167441010010525e-09,0,0.3,15
2003,Louisville,4,Austin Peay,13,False,0,0.00013825456942628543,0,0.3,15
2003,Pittsburgh,2,Wagner,15,False,0,1.0257758990136782e-08,0,0.3,15
2003,Syracuse,3,Manhattan,14,False,0,1.4321569399208741e-27,0,0.3,15
2003,Texas,1,NC Asheville,16,False,0,4.090636424847207e-09,0,0.3,15
2003,Wake Forest,2,E Tennessee St,15,False,0,9.784226525410374e-09,0,0.3,15
2003,Xavier,3,Troy,14,False,0,0.0001653252710100581,0,0.3,15
2004,UConn,2,Vermont,15,False,0,3.5325509047331263e-12,0,0.3,15
2004,Duke,1,Alabama St,16,False,0,5.865551897824079e-43,0,0.3,15
2004,Gonzaga,2,Valparaiso,15,False,0,1.2698517732389811e-25,0,0.3,15
2004,Maryland,4,UTEP,13,False,0,1.0,1,0.3,15
2004,Saint Joseph's,1,Liberty,16,False,0,5.758587183442752e-28,0,0.3,15
2004,Stanford,1,UTSA,16,False,0,8.498738400687572e-23,0,0.3,15
2004,Texas,3,Princeton,14,False,0,1.2377970891976052e-15,0,0.3,15
2004,Wake Forest,4,VCU,13,False,0,1.967481490598082e-05,0,0.3,15
2004,Cincinnati,4,E Tennessee St,13,False,0,0.9953205211530591,1,0.3,15
2004,Georgia Tech,3,N Iowa,14,False,0,2.7131860295758187e-10,0,0.3,15
2004,Kansas,4,Illinois Chicago,13,False,0,9.286565373052436e-08,0,0.3,15
2004,Kentucky,1,Florida A&M,16,False,0,2.880967890699231e-25,0,0.3,15
2004,Mississippi St,2,Monmouth,15,False,0,1.3650054226580555e-13,0,0.3,15
2004,NC State,3,Louisiana,14,False,0,0.761259472127997,1,0.3,15
2004,Oklahoma St,2,E Washington,15,False,0,1.8402520831047834e-24,0,0.3,15
2004,Pittsburgh,3,UCF,14,False,0,6.466243210805816e-28,0,0.3,15
2005,Arizona,3,Utah St,14,False,0,2.84446194144205e-06,0,0.3,15
2005,Boston College,4,Penn,13,False,0,9.735885464403881e-31,0,0.3,15
2005,Gonzaga,3,Winthrop,14,False,0,4.9813857390706675e-09,0,0.3,15
2005,Illinois,1,F Dickinson,16,False,0,3.360201209845208e-17,0,0.3,15
2005,Kentucky,2,E Kentucky,15,False,0,4.391399281911808e-30,0,0.3,15
2005,Oklahoma,3,Niagara,14,False,0,1.2424959346113033e-26,0,0.3,15
2005,Wake Forest,2,Chattanooga,15,False,0,2.3867025044770375e-15,0,0.3,15
2005,Washington,1,Montana,16,False,0,1.5249569094785801e-16,0,0.3,15
2005,Bucknell,14,Kansas,3,True,1,1.729683437908834e-11,0,0.3,15
2005,UConn,2,UCF,15,False,0,1.0403245353859932e-21,0,0.3,15
2005,Duke,1,Delaware St,16,False,0,8.116448019777937e-30,0,0.3,15
2005,Florida,4,Ohio,13,False,0,2.246086468892728e-13,0,0.3,15
2005,Louisville,4,Louisiana,13,False,0,7.606256431595295e-22,0,0.3,15
2005,North Carolina,1,Oakland,16,False,0,1.672612352905991e-15,0,0.3,15
2005,Oklahoma St,2,SE Louisiana,15,False,0,0.0003863533921228478,0,0.3,15
2005,Vermont,13,Syracuse,4,True,1,2.7651005657878994e-27,0,0.3,15
2006,Boston College,4,Pacific,13,False,0,0.3946371855396572,1,0.3,15
2006,Duke,1,Southern,16,False,0,1.0040482312220269e-20,0,0.3,15
2006,Florida,3,S Alabama,14,False,0,0.0014572855848794595,0,0.3,15
2006,Gonzaga,3,Xavier,14,False,0,0.9971046134663418,1,0.3,15
2006,Illinois,4,Air Force,13,False,0,0.999989097089952,1,0.3,15
2006,LSU,4,Iona,13,False,0,0.9996947600253032,1,0.3,15
2006,Tennessee,2,Winthrop,15,False,0,0.999970881024075,1,0.3,15
2006,UCLA,2,Belmont,15,False,0,7.72578850142545e-05,0,0.3,15
2006,Bradley,13,Kansas,4,True,1,0.039596773397718756,0,0.3,15
2006,UConn,1,Albany,16,False,0,2.656550017904795e-12,0,0.3,15
2006,Memphis,1,Oral Roberts,16,False,0,1.4142657521364294e-07,0,0.3,15
2006,North Carolina,3,Murray St,14,False,0,3.923808063664676e-05,0,0.3,15
2006,NW State,14,Iowa,3,True,1,1.0997561591488593e-10,0,0.3,15
2006,Ohio St,2,Davidson,15,False,0,6.515481783759651e-18,0,0.3,15
2006,Texas,2,Penn,15,False,0,6.145838261604477e-16,0,0.3,15
2006,Villanova,1,Monmouth,16,False,0,1.563731817981275e-08,0,0.3,15
2007,Georgetown,2,Belmont,15,False,0,0.0048707195007948395,0,0.3,15
2007,Maryland,4,Davidson,13,False,0,0.008423453314712604,0,0.3,15
2007,North Carolina,1,E Kentucky,16,False,0,0.01286055366486179,0,0.3,15
2007,Ohio St,1,C Connecticut,16,False,0,0.007209223795723193,0,0.3,15
2007,Pittsburgh,3,Wright St,14,False,0,0.003573895040751823,0,0.3,15
2007,Texas A&M,3,Penn,14,False,0,0.0841024482732529,0,0.3,15
2007,UCLA,2,Weber St,15,False,0,0.0004999769551630312,0,0.3,15
2007,Washington St,3,Oral Roberts,14,False,0,0.015381075644607535,0,0.3,15
2007,Florida,1,Jackson St,16,False,0,0.00019788135957772405,0,0.3,15
2007,Kansas,1,Niagara,16,False,0,0.017182421503959256,0,0.3,15
2007,Memphis,2,N Texas,15,False,0,0.0007105668585245461,0,0.3,15
2007,Oregon,3,Miami OH,14,False,0,0.0003565178381909299,0,0.3,15
2007,S Illinois,4,Holy Cross,13,False,0,0.6477052004107219,1,0.3,15
2007,Texas,4,New Mexico St,13,False,0,0.0052500399900289535,0,0.3,15
2007,Virginia,4,Albany,13,False,0,0.1252968284656395,0,0.3,15
2007,Wisconsin,2,Texas A&M-CC,15,False,0,0.038845096973960505,0,0.3,15
2008,Duke,2,Belmont,15,False,0,0.013892904361997376,0,0.3,15
2008,Kansas,1,Portland St,16,False,0,0.05976705621404327,0,0.3,15
2008,Pittsburgh,4,Oral Roberts,13,False,0,0.05407269160000245,0,0.3,15
2008,Stanford,3,Cornell,14,False,0,0.1442439726754452,0,0.3,15
2008,UCLA,1,Miss Valley St,16,False,0,0.002212656927111634,0,0.3,15
2008,Washington St,4,Winthrop,13,False,0,0.0047771581083701515,0,0.3,15
2008,Wisconsin,3,CS Fullerton,14,False,0,0.015125345472490616,0,0.3,15
2008,Xavier,3,Georgia,14,False,0,0.0014703811012380596,0,0.3,15
2008,Georgetown,2,UMBC,15,False,0,0.27892949260851574,0,0.3,15
2008,Louisville,3,Boise St,14,False,0,0.029810826154159455,0,0.3,15
2008,Memphis,1,UT Arlington,16,False,0,0.000377231641749444,0,0.3,15
2008,North Carolina,1,Mt St Mary's,16,False,0,0.00671096145491588,0,0.3,15
2008,San Diego,13,UConn,4,True,1,0.0054630499799007,0,0.3,15
2008,Siena,13,Vanderbilt,4,True,1,0.03528041537637614,0,0.3,15
2008,Tennessee,2,American,15,False,0,0.00016718051739564145,0,0.3,15
2008,Texas,2,Austin Peay,15,False,0,0.013387134758043203,0,0.3,15
2009,UConn,1,Chattanooga,16,False,0,0.006560528099640227,0,0.3,15
2009,Duke,2,Binghamton,15,False,0,0.011606553684329321,0,0.3,15
2009,Gonzaga,4,Akron,13,False,0,0.09923438961990454,0,0.3,15
2009,Memphis,2,CS Northridge,15,False,0,0.020202080343330552,0,0.3,15
2009,North Carolina,1,Radford,16,False,0,0.00014764946410847506,0,0.3,15
2009,Oklahoma,2,Morgan St,15,False,0,0.1418318436180201,0,0.3,15
2009,Villanova,3,American,14,False,0,0.01905920022129868,0,0.3,15
2009,Washington,4,Mississippi St,13,False,0,0.02570631716403567,0,0.3,15
2009,Cleveland St,13,Wake Forest,4,True,1,0.09748557460135414,0,0.3,15
2009,Kansas,3,N Dakota St,14,False,0,0.4197527939065391,1,0.3,15
2009,Louisville,1,Morehead St,16,False,0,0.0005150212690496117,0,0.3,15
2009,Michigan St,2,Robert Morris,15,False,0,0.13520933318624404,0,0.3,15
2009,Missouri,3,Cornell,14,False,0,0.0026941721974840555,0,0.3,15
2009,Pittsburgh,1,E Tennessee St,16,False,0,0.13787372187806451,0,0.3,15
2009,Syracuse,3,SF Austin,14,False,0,0.057732020567382455,0,0.3,15
2009,Xavier,4,Portland St,13,False,0,0.6441338534547509,1,0.3,15
2010,Baylor,3,Sam Houston,14,False,0,0.4603322327753128,1,0.3,15
2010,Kansas,1,Lehigh,16,False,0,0.00583960461041297,0,0.3,15
2010,Kansas St,2,N Texas,15,False,0,0.0005098612092235913,0,0.3,15
2010,Kentucky,1,E Tennessee St,16,False,0,0.017741973391000438,0,0.3,15
2010,Murray St,13,Vanderbilt,4,True,1,0.8295589604446922,1,0.3,15
2010,New Mexico,3,Montana,14,False,0,0.1079188535169429,0,0.3,15
2010,Ohio,14,Georgetown,3,True,1,0.18083024074824408,0,0.3,15
2010,Villanova,2,Robert Morris,15,False,0,0.042412242888922265,0,0.3,15
2010,Duke,1,AR-Pine Bluff,16,False,0,0.0015521504247440678,0,0.3,15
2010,Maryland,4,Houston,13,False,0,0.11879341234488902,0,0.3,15
2010,Ohio St,2,UCSB,15,False,0,0.0004196272810339913,0,0.3,15
2010,Pittsburgh,3,Oakland,14,False,0,0.0068199650809430004,0,0.3,15
2010,Purdue,4,Siena,13,False,0,0.47131106503924786,1,0.3,15
2010,Syracuse,1,Vermont,16,False,0,0.025027809348019132,0,0.3,15
2010,West Virginia,2,Morgan St,15,False,0,0.013015363130769769,0,0.3,15
2010,Wisconsin,4,Wofford,13,False,0,0.11048345142689384,0,0.3,15
2011,BYU,3,Wofford,14,False,0,0.04311869167561559,0,0.3,15
2011,UConn,3,Bucknell,14,False,0,0.010175731553132695,0,0.3,15
2011,Florida,2,UCSB,15,False,0,0.019903517573632405,0,0.3,15
2011,Kentucky,4,Princeton,13,False,0,0.014465962222612361,0,0.3,15
2011,Morehead St,13,Louisville,4,True,1,0.036944061845798404,0,0.3,15
2011,Pittsburgh,1,NC Asheville,16,False,0,0.026832797424162967,0,0.3,15
2011,San Diego St,2,N Colorado,15,False,0,0.002425601852734357,0,0.3,15
2011,Wisconsin,4,Belmont,13,False,0,0.09349180028256822,0,0.3,15
2011,Duke,1,Hampton,16,False,0,0.0684440629217394,0,0.3,15
2011,Kansas,1,Boston U,16,False,0,0.006397103347156582,0,0.3,15
2011,North Carolina,2,LIU-Brooklyn,15,False,0,0.10901786012451499,0,0.3,15
2011,Notre Dame,2,Akron,15,False,0,0.05691973364648347,0,0.3,15
2011,Ohio St,1,UTSA,16,False,0,0.007215546261258563,0,0.3,15
2011,Purdue,3,Saint Peter's,14,False,0,0.0034320678084696263,0,0.3,15
2011,Syracuse,3,Indiana St,14,False,0,0.0029348985807108744,0,0.3,15
2011,Texas,4,Oakland,13,False,0,0.007604319380585474,0,0.3,15
2012,Baylor,3,S Dakota St,14,False,0,0.10302347216370686,0,0.3,15
2012,Indiana,4,New Mexico St,13,False,0,0.23278319113694476,0,0.3,15
2012,Kentucky,1,W Kentucky,16,False,0,0.003230184099376397,0,0.3,15
2012,Louisville,4,Davidson,13,False,0,0.039122632373828625,0,0.3,15
2012,Marquette,3,BYU,14,False,0,0.020854160994705485,0,0.3,15
2012,Ohio St,2,Loyola MD,15,False,0,0.020246607060982327,0,0.3,15
2012,Syracuse,1,NC Asheville,16,False,0,0.006421908804755992,0,0.3,15
2012,Wisconsin,4,Montana,13,False,0,0.05259839106649655,0,0.3,15
2012,Florida St,3,St Bonaventure,14,False,0,0.05472496563915027,0,0.3,15
2012,Georgetown,3,Belmont,14,False,0,0.16475763111503014,0,0.3,15
2012,Kansas,2,Detroit Mercy,15,False,0,0.19229356493504052,0,0.3,15
2012,Lehigh,15,Duke,2,True,1,0.06800439379250658,0,0.3,15
2012,Michigan St,1,LIU-Brooklyn,16,False,0,0.005748014124319785,0,0.3,15
2012,Norfolk St,15,Missouri,2,True,1,0.001271244140329388,0,0.3,15
2012,North Carolina,1,Vermont,16,False,0,0.03529687555003561,0,0.3,15
2012,Ohio,13,Michigan,4,True,1,0.42964877791012984,1,0.3,15
2013,Gonzaga,1,Southern,16,False,0,0.047401036017515344,0,0.3,15
2013,Harvard,14,New Mexico,3,True,1,0.03341880555973054,0,0.3,15
2013,Louisville,1,NC A&T,16,False,0,0.002694961635581156,0,0.3,15
2013,Marquette,3,Davidson,14,False,0,0.11442392853583742,0,0.3,15
2013,Michigan,4,S Dakota St,13,False,0,0.012174648345008612,0,0.3,15
2013,Michigan St,3,Valparaiso,14,False,0,0.020779245042988812,0,0.3,15
2013,Saint Louis,4,New Mexico St,13,False,0,0.04025047333476479,0,0.3,15
2013,Syracuse,4,Montana,13,False,0,0.006183721044101513,0,0.3,15
2013,Duke,2,Albany,15,False,0,0.013050158448330414,0,0.3,15
2013,FGCU,15,Georgetown,2,True,1,0.12771152195191376,0,0.3,15
2013,Florida,3,NW State,14,False,0,0.00660182096452775,0,0.3,15
2013,Indiana,1,J Madison,16,False,0,0.008410051244696745,0,0.3,15
2013,Kansas,1,W Kentucky,16,False,0,0.036712322786163695,0,0.3,15
2013,La Salle,13,Kansas St,4,True,1,0.06656842532908581,0,0.3,15
2013,Miami,2,Pacific,15,False,0,0.02345184807124687,0,0.3,15
2013,Ohio St,2,Iona,15,False,0,0.0034126592070569616,0,0.3,15
2014,Florida,1,Albany,16,False,0,0.005094081750013305,0,0.3,15
2014,Louisville,4,Manhattan,13,False,0,0.0140733255158968,0,0.3,15
2014,Michigan,2,Wofford,15,False,0,0.11820214696877453,0,0.3,15
2014,Michigan St,4,Delaware,13,False,0,0.07542688813558952,0,0.3,15
2014,San Diego St,4,New Mexico St,13,False,0,0.02471729311772481,0,0.3,15
2014,Syracuse,3,W Michigan,14,False,0,0.014811957109908475,0,0.3,15
2014,Villanova,2,Milwaukee,15,False,0,0.0310613878168598,0,0.3,15
2014,Wisconsin,2,American,15,False,0,0.01822366636908535,0,0.3,15
2014,Arizona,1,Weber St,16,False,0,0.003286750723244688,0,0.3,15
2014,Creighton,3,Louisiana,14,False,0,0.17632213518033074,0,0.3,15
2014,Iowa St,3,NC Central,14,False,0,0.38035246368962383,1,0.3,15
2014,Kansas,2,E Kentucky,15,False,0,0.31017969895725217,1,0.3,15
2014,Mercer,14,Duke,3,True,1,0.02440624610766566,0,0.3,15
2014,UCLA,4,Tulsa,13,False,0,0.032108390659322326,0,0.3,15
2014,Virginia,1,Coastal Car,16,False,0,0.017961777350316784,0,0.3,15
2014,Wichita St,1,Cal Poly,16,False,0,0.014015658096161294,0,0.3,15
2015,Arizona,2,Texas So,15,False,0,0.00989305222020645,0,0.3,15
2015,Georgetown,4,E Washington,13,False,0,0.03807111348587008,0,0.3,15
2015,Georgia St,14,Baylor,3,True,1,0.17833934644913219,0,0.3,15
2015,Kentucky,1,Hampton,16,False,0,0.0017270289854023602,0,0.3,15
2015,North Carolina,4,Harvard,13,False,0,0.08642641037354983,0,0.3,15
2015,Notre Dame,3,Northeastern,14,False,0,0.015220333247290063,0,0.3,15
2015,UAB,14,Iowa St,3,True,1,0.04402695909344529,0,0.3,15
2015,Villanova,1,Lafayette,16,False,0,0.00231708864015429,0,0.3,15
2015,Duke,1,Robert Morris,16,False,0,0.01268898603483347,0,0.3,15
2015,Gonzaga,2,N Dakota St,15,False,0,0.019828495966809204,0,0.3,15
2015,Kansas,2,New Mexico St,15,False,0,0.39185078649867583,1,0.3,15
2015,Louisville,4,UC Irvine,13,False,0,0.01193851114632351,0,0.3,15
2015,Maryland,4,Valparaiso,13,False,0,0.4764432519529126,1,0.3,15
2015,Oklahoma,3,Albany,14,False,0,0.1180059815694427,0,0.3,15
2015,Virginia,2,Belmont,15,False,0,0.004433573885775379,0,0.3,15
2015,Wisconsin,1,Coastal Car,16,False,0,0.22279199557683296,0,0.3,15
2016,Duke,4,NC Wilmington,13,False,0,0.04638726650934251,0,0.3,15
2016,Iowa St,4,Iona,13,False,0,0.15899080331206855,0,0.3,15
2016,Kansas,1,Austin Peay,16,False,0,0.015532132761457483,0,0.3,15
2016,Kentucky,4,Stony Brook,13,False,0,0.4227717304831922,1,0.3,15
2016,Miami,3,Buffalo,14,False,0,0.03420701660443613,0,0.3,15
2016,North Carolina,1,FGCU,16,False,0,0.013835948827412048,0,0.3,15
2016,Utah,3,Fresno St,14,False,0,0.32992829732618256,1,0.3,15
2016,Virginia,1,Hampton,16,False,0,0.21673870853825616,0,0.3,15
2016,Hawai'i,13,California,4,True,1,0.5063530298423887,1,0.3,15
2016,Middle Tenn,15,Michigan St,2,True,1,0.028319133117183357,0,0.3,15
2016,Oklahoma,2,CS Bakersfield,15,False,0,0.6591200056693529,1,0.3,15
2016,Oregon,1,Holy Cross,16,False,0,0.01211262296394776,0,0.3,15
2016,SF Austin,14,West Virginia,3,True,1,0.460541491085457,1,0.3,15
2016,Texas A&M,3,Green Bay,14,False,0,0.030898293625343378,0,0.3,15
2016,Villanova,2,NC Asheville,15,False,0,0.1731959591049766,0,0.3,15
2016,Xavier,2,Weber St,15,False,0,0.003934460414626236,0,0.3,15
2017,Arizona,2,North Dakota,15,False,0,0.03287088007166997,0,0.3,15
2017,Butler,4,NC Central,13,False,0,0.46226347803785073,1,0.3,15
2017,Florida,4,E Tennessee St,13,False,0,0.04601388582160871,0,0.3,15
2017,Florida St,3,FGCU,14,False,0,0.04149474056687854,0,0.3,15
2017,Gonzaga,1,S Dakota St,16,False,0,0.007049364158246388,0,0.3,15
2017,Purdue,4,Vermont,13,False,0,0.19139244628574562,0,0.3,15
2017,Villanova,1,Mt St Mary's,16,False,0,0.0036138329390342115,0,0.3,15
2017,West Virginia,4,Bucknell,13,False,0,0.03217686015985462,0,0.3,15
2017,Baylor,3,New Mexico St,14,False,0,0.1389162833642177,0,0.3,15
2017,Duke,2,Troy,15,False,0,0.10418528252159734,0,0.3,15
2017,Kansas,1,UC Davis,16,False,0,0.03875167635940369,0,0.3,15
2017,Kentucky,2,N Kentucky,15,False,0,0.010897820391066761,0,0.3,15
2017,Louisville,2,Jacksonville St,15,False,0,0.007757466942044112,0,0.3,15
2017,North Carolina,1,Texas So,16,False,0,0.10069514768141574,0,0.3,15
2017,Oregon,3,Iona,14,False,0,0.00480966441033899,0,0.3,15
2017,UCLA,3,Kent St,14,False,0,0.18002573444574138,0,0.3,15
2018,Buffalo,13,Arizona,4,True,1,0.21174512848671792,0,0.3,15
2018,Duke,2,Iona,15,False,0,0.008900407110593077,0,0.3,15
2018,Gonzaga,4,NC Greensboro,13,False,0,0.021246366786124304,0,0.3,15
2018,Kansas,1,Penn,16,False,0,0.026226538355634484,0,0.3,15
2018,Michigan,3,Montana,14,False,0,0.06734601384225115,0,0.3,15
2018,Tennessee,3,Wright St,14,False,0,0.07149516701729527,0,0.3,15
2018,Texas Tech,3,SF Austin,14,False,0,0.043436779729820685,0,0.3,15
2018,Villanova,1,Radford,16,False,0,0.016610315450827258,0,0.3,15
2018,Auburn,4,Charleston,13,False,0,0.1198790056642122,0,0.3,15
2018,Cincinnati,2,Georgia St,15,False,0,0.017329987438914556,0,0.3,15
2018,Marshall,13,Wichita St,4,True,1,0.077387957648517,0,0.3,15
2018,Michigan St,3,Bucknell,14,False,0,0.0745050448184685,0,0.3,15
2018,North Carolina,2,Lipscomb,15,False,0,0.011157706907315289,0,0.3,15
2018,Purdue,2,CS Fullerton,15,False,0,0.01246413160515242,0,0.3,15
2018,UMBC,16,Virginia,1,True,1,0.020370298456563123,0,0.3,15
2018,Xavier,1,Texas So,16,False,0,0.04585169636917478,0,0.3,15
2019,Florida St,4,Vermont,13,False,0,0.10292562587011554,0,0.3,15
2019,Gonzaga,1,F Dickinson,16,False,0,0.008748491293707968,0,0.3,15
2019,Kansas,4,Northeastern,13,False,0,0.06854170578609808,0,0.3,15
2019,Kentucky,2,Abl Christian,15,False,0,0.20752703669561648,0,0.3,15
2019,LSU,3,Yale,14,False,0,0.10884485493803944,0,0.3,15
2019,Michigan,2,Montana,15,False,0,0.009546357360414133,0,0.3,15
2019,Michigan St,2,Bradley,15,False,0,0.005863362977236778,0,0.3,15
2019,Purdue,3,Old Dominion,14,False,0,0.06602043978410606,0,0.3,15
2019,Duke,1,N Dakota St,16,False,0,0.001096699262427067,0,0.3,15
2019,Houston,3,Georgia St,14,False,0,0.08489090062709283,0,0.3,15
2019,North Carolina,1,Iona,16,False,0,0.012636449439234056,0,0.3,15
2019,Tennessee,2,Colgate,15,False,0,0.06600602541057632,0,0.3,15
2019,Texas Tech,3,N Kentucky,14,False,0,0.03952948774326483,0,0.3,15
2019,UC Irvine,13,Kansas St,4,True,1,0.1700882563225677,0,0.3,15
2019,Virginia,1,Gardner-Webb,16,False,0,0.06262358054013598,0,0.3,15
2019,Virginia Tech,4,Saint Louis,13,False,0,0.09120690708313381,0,0.3,15
2021,Arkansas,3,Colgate,14,False,0,0.28327742027847164,0,0.3,15
2021,Baylor,1,Hartford,16,False,0,0.05602040980937885,0,0.3,15
2021,Houston,2,Cleveland St,15,False,0,0.011190223177374026,0,0.3,15
2021,Illinois,1,Drexel,16,False,0,0.07685164570549591,0,0.3,15
2021,N Texas,4,Purdue,13,False,0,0.11425013470449329,0,0.3,15
2021,Oklahoma St,4,Liberty,13,False,0,0.09504696683791217,0,0.3,15
2021,Oral Roberts,15,Ohio St,2,True,1,0.1610453616070253,0,0.3,15
2021,West Virginia,3,Morehead St,14,False,0,0.020793980258898413,0,0.3,15
2021,Abl Christian,14,Texas,3,True,1,0.41106104399014615,1,0.3,15
2021,Alabama,2,Iona,15,False,0,0.016676737876038194,0,0.3,15
2021,Florida St,4,NC Greensboro,13,False,0,0.3625818276632687,1,0.3,15
2021,Gonzaga,1,Norfolk St,16,False,0,0.0466573863366494,0,0.3,15
2021,Iowa,2,Grand Canyon,15,False,0,0.0556446370653776,0,0.3,15
2021,Kansas,3,E Washington,14,False,0,0.08634451758119557,0,0.3,15
2021,Michigan,1,Texas So,16,False,0,0.12981525624027015,0,0.3,15
2021,Ohio,13,Virginia,4,True,1,0.27501709444426287,0,0.3,15
2022,Arkansas,4,Vermont,13,False,0,0.05660117926989713,0,0.3,15
2022,Baylor,1,Norfolk St,16,False,0,0.01970320839100205,0,0.3,15
2022,Gonzaga,1,Georgia St,16,False,0,0.10915731827621514,0,0.3,15
2022,Kansas,1,Texas So,16,False,0,0.02260734883076865,0,0.3,15
2022,Providence,4,S Dakota St,13,False,0,0.10430488806743035,0,0.3,15
2022,Saint Peter's,15,Kentucky,2,True,1,0.03637714989211704,0,0.3,15
2022,Tennessee,3,Longwood,14,False,0,0.04689697320539125,0,0.3,15
2022,UCLA,4,Akron,13,False,0,0.019281439245649505,0,0.3,15
2022,Arizona,1,Wright St,16,False,0,0.016891066225897342,0,0.3,15
2022,Auburn,2,Jacksonville St,15,False,0,0.012081643018647975,0,0.3,15
2022,Duke,2,CS Fullerton,15,False,0,0.020251322382113475,0,0.3,15
2022,Illinois,4,Chattanooga,13,False,0,0.28119272254705985,0,0.3,15
2022,Purdue,3,Yale,14,False,0,0.06722494289560328,0,0.3,15
2022,Texas Tech,3,Montana St,14,False,0,0.01892360595456236,0,0.3,15
2022,Villanova,2,Delaware,15,False,0,0.02233457276753688,0,0.3,15
2022,Wisconsin,3,Colgate,14,False,0,0.24516044458518102,0,0.3,15
2023,Alabama,1,Texas A&M-CC,16,False,0,0.048035546938150764,0,0.3,15
2023,Furman,13,Virginia,4,True,1,0.04198693135897548,0,0.3,15
2023,Houston,1,N Kentucky,16,False,0,0.052722714047581824,0,0.3,15
2023,Kansas,1,Howard,16,False,0,0.02724235585505557,0,0.3,15
2023,Princeton,15,Arizona,2,True,1,0.020829354137429097,0,0.3,15
2023,Tennessee,4,Louisiana,13,False,0,0.009207925457556547,0,0.3,15
2023,Texas,2,Colgate,15,False,0,0.02442779324886015,0,0.3,15
2023,UCLA,2,NC Asheville,15,False,0,0.010019815637397502,0,0.3,15
2023,Baylor,3,UCSB,14,False,0,0.11903650353690344,0,0.3,15
2023,UConn,4,Iona,13,False,0,0.5121062944320819,1,0.3,15
2023,F Dickinson,16,Purdue,1,True,1,0.0831778322018943,0,0.3,15
2023,Gonzaga,3,Grand Canyon,14,False,0,0.016038271540517998,0,0.3,15
2023,Indiana,4,Kent St,13,False,0,0.4166100456122874,1,0.3,15
2023,Kansas St,3,Montana St,14,False,0,0.021186485076377375,0,0.3,15
2023,Marquette,2,Vermont,15,False,0,0.007517866481688983,0,0.3,15
2023,Xavier,3,Kennesaw St,14,False,0,0.0928501756787662,0,0.3,15
2024,Arizona,2,Long Beach St,15,False,0,0.08396083851240213,0,0.3,15
2024,Creighton,3,Akron,14,False,0,0.06662217154237775,0,0.3,15
2024,Illinois,3,Morehead St,14,False,0,0.08531154096864363,0,0.3,15
2024,Iowa St,2,S Dakota St,15,False,0,0.023032395340182667,0,0.3,15
2024,Kansas,4,Samford,13,False,0,0.46233510044235704,1,0.3,15
2024,North Carolina,1,Wagner,16,False,0,0.07541469698800231,0,0.3,15
2024,Oakland,14,Kentucky,3,True,1,0.189102451947435,0,0.3,15
2024,Tennessee,2,Saint Peter's,15,False,0,0.010874582361532712,0,0.3,15
2024,Alabama,4,Charleston,13,False,0,0.3198639075918901,1,0.3,15
2024,Baylor,3,Colgate,14,False,0,0.27059058322304413,0,0.3,15
2024,UConn,1,Stetson,16,False,0,0.011322467779502018,0,0.3,15
2024,Duke,4,Vermont,13,False,0,0.06385010450754447,0,0.3,15
2024,Houston,1,Longwood,16,False,0,0.020376882353652315,0,0.3,15
2024,Marquette,2,W Kentucky,15,False,0,0.03548154473429034,0,0.3,15
2024,Purdue,1,Grambling,16,False,0,0.015870605207761065,0,0.3,15
2024,Yale,13,Auburn,4,True,1,0.023026357152782163,0,0.3,15
2025,Purdue,4,High Point,13,False,0,0.15177413728754596,0,0.3,15
2025,Wisconsin,3,Montana,14,False,0,0.0212203049463946,0,0.3,15
2025,Houston,1,S Illinois,16,False,0,0.004498112403065589,0,0.3,15
2025,Auburn,1,Alabama St,16,False,0,0.11732951897922245,0,0.3,15
2025,Tennessee,2,Wofford,15,False,0,0.01499244616880429,0,0.3,15
2025,Texas A&M,4,Yale,13,False,0,0.41536180694593083,1,0.3,15
2025,St John's,2,Omaha,15,False,0,0.006992261155613027,0,0.3,15
2025,Texas Tech,3,NC Wilmington,14,False,0,0.0902547369243264,0,0.3,15
2025,Alabama,2,Robert Morris,15,False,0,0.360891514891538,1,0.3,15
2025,Iowa St,3,Lipscomb,14,False,0,0.12275948391664733,0,0.3,15
2025,Duke,1,Mt St Mary's,16,False,0,0.007638302402904047,0,0.3,15
2025,Maryland,4,Grand Canyon,13,False,0,0.0524686906834581,0,0.3,15
2025,Florida,1,Norfolk St,16,False,0,0.02531848178426083,0,0.3,15
2025,Kentucky,3,Troy,14,False,0,0.21772743305037595,0,0.3,15
2025,Arizona,4,Akron,13,False,0,0.07611780607720377,0,0.3,15
2025,Michigan St,2,Bryant,15,False,0,0.1537616162168922,0,0.3,15
2026,UConn,2,Furman,15,False,0,0.030827226228752835,0,0.3,15
2026,Michigan St,3,North Dakota,14,False,0,0.041024104617336354,0,0.3,15
2026,Kansas,4,Cal Baptist,13,False,0,0.05773046015090268,0,0.3,15
2026,Arizona,1,LIU,16,False,0,0.02419399551897471,0,0.3,15
2026,Purdue,2,Queens,15,False,0,0.027439033360089446,0,0.3,15
2026,Gonzaga,3,Kennesaw St,14,False,0,0.011191053078051773,0,0.3,15
2026,Arkansas,4,Hawai'i,13,False,0,0.04088355283964969,0,0.3,15
2026,Michigan,1,Howard,16,False,0,0.05646294537232567,0,0.3,15
2026,Iowa St,2,Tennessee St,15,False,0,0.043296851417820914,0,0.3,15
2026,Virginia,3,Wright St,14,False,0,0.032865123877196534,0,0.3,15
2026,Alabama,4,Hofstra,13,False,0,0.13877023597754243,0,0.3,15
2026,Florida,1,Prairie View,16,False,0,0.026655434932734205,0,0.3,15
2026,Houston,2,Idaho,15,False,0,0.009040541745900002,0,0.3,15
2026,Illinois,3,Penn,14,False,0,0.07327869697288429,0,0.3,15
2026,Nebraska,4,Troy,13,False,0,0.06797429679741993,0,0.3,15
2026,Duke,1,Siena,16,False,0,0.04634892155028448,0,0.3,15
